StudentID,HighSchoolGPA,ACTScore,CollegeGPA_Year1
1,3.5,25,2.52
2,3.24,26,2.52
3,3.56,28,2.96
4,3.91,29,3.17
5,3.21,27,1.87
6,3.21,28,2.07
7,3.93,36,3.35
8,3.61,30,2.88
9,3.11,27,2.49
10,3.52,29,3.96
11,3.11,22,2.26
12,3.11,27,2.7
13,3.4,29,2.88
14,2.53,29,2.35
15,2.61,23,1.74
16,3.08,27,2.55
17,2.89,25,1.83
18,3.43,26,2.33
19,2.94,28,2.1
20,2.74,26,2.1
21,3.89,33,3.8
22,3.21,25,1.6
23,3.33,31,2.85
24,2.73,21,1.25
25,3.08,28,2.18
26,3.34,34,3.15
27,2.84,23,1.99
28,3.45,27,2.1
29,3.06,27,2.03
30,3.18,26,2.53
31,3.06,22,1.77
32,4.0,32,3.08
33,3.29,25,2.31
34,2.88,26,1.91
35,3.63,27,3.31
36,2.81,29,2.48
37,3.38,26,1.68
38,2.52,22,1.82
39,2.77,27,1.9
40,3.38,25,2.64
41,3.6,30,2.42
42,3.37,31,2.59
43,3.25,24,2.4
44,3.18,28,2.69
45,2.71,25,1.58
46,3.01,28,2.19
47,3.12,24,1.99
48,3.72,27,2.38
49,3.44,30,3.24
50,2.59,24,2.04
51,3.43,29,2.12
52,3.15,28,2.69
53,3.03,24,2.86
54,3.54,30,3.03
55,3.71,31,2.27
56,3.67,28,2.47
57,2.96,30,2.83
58,3.18,28,2.14
59,3.43,26,2.57
60,3.69,32,3.12
61,3.11,24,1.83
62,3.23,29,2.44
63,2.86,28,1.09
64,2.82,23,1.6
65,3.63,32,2.72
66,3.84,32,2.48
67,3.27,30,3.11
68,3.7,35,2.5
69,3.44,28,2.37
70,3.04,24,2.17
71,3.44,26,2.93
72,3.92,29,2.31
73,3.29,28,2.85
74,3.93,32,2.97
75,2.25,22,1.28
76,3.63,32,2.98
77,3.33,28,2.54
78,3.18,31,2.33
79,3.34,27,2.44
80,2.5,30,2.02
81,3.21,29,2.5
82,3.44,27,2.7
83,3.89,29,3.35
84,3.09,28,1.91
85,2.98,25,2.88
86,3.1,28,1.67
87,3.67,31,2.73
88,3.43,28,2.72
89,3.09,24,2.24
90,3.51,25,2.18
91,3.34,27,2.35
92,3.69,32,2.67
93,3.02,27,2.05
94,3.17,24,2.48
95,3.14,27,2.45
96,2.71,25,1.76
97,3.42,26,2.72
98,3.4,29,2.66
99,3.3,28,2.74
100,3.21,24,2.42
